train_id,score,config/criterion,config/n_estimators,config/max_depth
4,0.86,gini,175,8
5,0.86,entropy,159,8
11,0.86,gini,106,8
15,0.86,gini,93,5
1,0.8566666666666667,gini,176,3
6,0.8566666666666667,gini,132,9
10,0.8566666666666667,entropy,116,6
7,0.8533333333333334,gini,83,5
9,0.8533333333333334,gini,99,5
12,0.8533333333333334,gini,139,9
13,0.8533333333333334,entropy,137,8
2,0.85,gini,56,8
8,0.85,entropy,113,4
14,0.85,gini,172,5
3,0.8433333333333334,entropy,77,3
