train_id,score,config/epochs,config/learning_rate,config/momentum,config/batch_size
2,0.64,10,0.007233658630867871,0.9821408131344895,16
1,0.52,10,0.0012343506246022397,0.9040532507498465,16
